[
 {
  "RuleID": "stripe-access-token",
  "Description": "Found a Stripe Access Token, posing a risk to payment processing services and sensitive financial data.",
  "StartLine": 24,
  "EndLine": 24,
  "StartColumn": 23,
  "EndColumn": 55,
  "Match": "REDACTED\"",
  "Secret": "REDACTED",
  "File": "c:/Users/Eden/Desktop/DevSecode/DevSecode/SecrectDIR/secret_detection.py",
  "SymlinkFile": "",
  "Commit": "",
  "Entropy": 4.53891,
  "Author": "",
  "Email": "",
  "Date": "",
  "Message": "",
  "Tags": [],
  "Fingerprint": "c:/Users/Eden/Desktop/DevSecode/DevSecode/SecrectDIR/secret_detection.py:stripe-access-token:24"
 },
 {
  "RuleID": "generic-api-key",
  "Description": "Detected a Generic API Key, potentially exposing access to various services and sensitive operations.",
  "StartLine": 11,
  "EndLine": 11,
  "StartColumn": 2,
  "EndColumn": 53,
  "Match": "gitlab_token = \"REDACTED\"",
  "Secret": "REDACTED",
  "File": "c:/Users/Eden/Desktop/DevSecode/DevSecode/SecrectDIR/secret_detection.py",
  "SymlinkFile": "",
  "Commit": "",
  "Entropy": 4.9578543,
  "Author": "",
  "Email": "",
  "Date": "",
  "Message": "",
  "Tags": [],
  "Fingerprint": "c:/Users/Eden/Desktop/DevSecode/DevSecode/SecrectDIR/secret_detection.py:generic-api-key:11"
 },
 {
  "RuleID": "generic-api-key",
  "Description": "Detected a Generic API Key, potentially exposing access to various services and sensitive operations.",
  "StartLine": 29,
  "EndLine": 29,
  "StartColumn": 2,
  "EndColumn": 55,
  "Match": "twilio_auth_token = \"REDACTED\"",
  "Secret": "REDACTED",
  "File": "c:/Users/Eden/Desktop/DevSecode/DevSecode/SecrectDIR/secret_detection.py",
  "SymlinkFile": "",
  "Commit": "",
  "Entropy": 4,
  "Author": "",
  "Email": "",
  "Date": "",
  "Message": "",
  "Tags": [],
  "Fingerprint": "c:/Users/Eden/Desktop/DevSecode/DevSecode/SecrectDIR/secret_detection.py:generic-api-key:29"
 },
 {
  "RuleID": "generic-api-key",
  "Description": "Detected a Generic API Key, potentially exposing access to various services and sensitive operations.",
  "StartLine": 33,
  "EndLine": 33,
  "StartColumn": 2,
  "EndColumn": 37,
  "Match": "jwt_secret = \"REDACTED\"",
  "Secret": "REDACTED",
  "File": "c:/Users/Eden/Desktop/DevSecode/DevSecode/SecrectDIR/secret_detection.py",
  "SymlinkFile": "",
  "Commit": "",
  "Entropy": 4.2018414,
  "Author": "",
  "Email": "",
  "Date": "",
  "Message": "",
  "Tags": [],
  "Fingerprint": "c:/Users/Eden/Desktop/DevSecode/DevSecode/SecrectDIR/secret_detection.py:generic-api-key:33"
 },
 {
  "RuleID": "gitlab-pat",
  "Description": "Identified a GitLab Personal Access Token, risking unauthorized access to GitLab repositories and codebase exposure.",
  "StartLine": 11,
  "EndLine": 11,
  "StartColumn": 18,
  "EndColumn": 43,
  "Match": "REDACTED",
  "Secret": "REDACTED",
  "File": "c:/Users/Eden/Desktop/DevSecode/DevSecode/SecrectDIR/secret_detection.py",
  "SymlinkFile": "",
  "Commit": "",
  "Entropy": 4.5465937,
  "Author": "",
  "Email": "",
  "Date": "",
  "Message": "",
  "Tags": [],
  "Fingerprint": "c:/Users/Eden/Desktop/DevSecode/DevSecode/SecrectDIR/secret_detection.py:gitlab-pat:11"
 },
 {
  "RuleID": "private-key",
  "Description": "Identified a Private Key, which may compromise cryptographic security and sensitive data encryption.",
  "StartLine": 35,
  "EndLine": 37,
  "StartColumn": 2,
  "EndColumn": 30,
  "Match": "REDACTED",
  "Secret": "REDACTED",
  "File": "c:/Users/Eden/Desktop/DevSecode/DevSecode/SecrectDIR/secret_detection.py",
  "SymlinkFile": "",
  "Commit": "",
  "Entropy": 4.4998894,
  "Author": "",
  "Email": "",
  "Date": "",
  "Message": "",
  "Tags": [],
  "Fingerprint": "c:/Users/Eden/Desktop/DevSecode/DevSecode/SecrectDIR/secret_detection.py:private-key:35"
 },
 {
  "RuleID": "algolia-api-key",
  "Description": "Identified an Algolia API Key, which could result in unauthorized search operations and data exposure on Algolia-managed platforms.",
  "StartLine": 30,
  "EndLine": 30,
  "StartColumn": 2,
  "EndColumn": 53,
  "Match": "algolia_api_key = \"REDACTED\"",
  "Secret": "REDACTED",
  "File": "c:/Users/Eden/Desktop/DevSecode/DevSecode/SecrectDIR/secret_detection.py",
  "SymlinkFile": "",
  "Commit": "",
  "Entropy": 4,
  "Author": "",
  "Email": "",
  "Date": "",
  "Message": "",
  "Tags": [],
  "Fingerprint": "c:/Users/Eden/Desktop/DevSecode/DevSecode/SecrectDIR/secret_detection.py:algolia-api-key:30"
 },
 {
  "RuleID": "slack-webhook-url",
  "Description": "Discovered a Slack Webhook, which could lead to unauthorized message posting and data leakage in Slack channels.",
  "StartLine": 14,
  "EndLine": 14,
  "StartColumn": 19,
  "EndColumn": 95,
  "Match": "REDACTED",
  "Secret": "REDACTED",
  "File": "c:/Users/Eden/Desktop/DevSecode/DevSecode/SecrectDIR/secret_detection.py",
  "SymlinkFile": "",
  "Commit": "",
  "Entropy": 3.4009645,
  "Author": "",
  "Email": "",
  "Date": "",
  "Message": "",
  "Tags": [],
  "Fingerprint": "c:/Users/Eden/Desktop/DevSecode/DevSecode/SecrectDIR/secret_detection.py:slack-webhook-url:14"
 }
]
