[
 {
  "RuleID": "stripe-access-token",
  "Description": "Found a Stripe Access Token, posing a risk to payment processing services and sensitive financial data.",
  "StartLine": 64806,
  "EndLine": 64806,
  "StartColumn": 53,
  "EndColumn": 85,
  "Match": "REDACTED'",
  "Secret": "REDACTED",
  "File": "/Users/bardavidi/Desktop/DevSecode/Extension For VSCODE Marketplace/UI/json_output/sast_bandit.json",
  "SymlinkFile": "",
  "Commit": "",
  "Entropy": 4.53891,
  "Author": "",
  "Email": "",
  "Date": "",
  "Message": "",
  "Tags": [],
  "Fingerprint": "/Users/bardavidi/Desktop/DevSecode/Extension For VSCODE Marketplace/UI/json_output/sast_bandit.json:stripe-access-token:64806"
 },
 {
  "RuleID": "generic-api-key",
  "Description": "Detected a Generic API Key, potentially exposing access to various services and sensitive operations.",
  "StartLine": 64766,
  "EndLine": 64766,
  "StartColumn": 42,
  "EndColumn": 88,
  "Match": "password: 'REDACTED'",
  "Secret": "REDACTED",
  "File": "/Users/bardavidi/Desktop/DevSecode/Extension For VSCODE Marketplace/UI/json_output/sast_bandit.json",
  "SymlinkFile": "",
  "Commit": "",
  "Entropy": 4.9578543,
  "Author": "",
  "Email": "",
  "Date": "",
  "Message": "",
  "Tags": [],
  "Fingerprint": "/Users/bardavidi/Desktop/DevSecode/Extension For VSCODE Marketplace/UI/json_output/sast_bandit.json:generic-api-key:64766"
 },
 {
  "RuleID": "generic-api-key",
  "Description": "Detected a Generic API Key, potentially exposing access to various services and sensitive operations.",
  "StartLine": 64846,
  "EndLine": 64846,
  "StartColumn": 42,
  "EndColumn": 85,
  "Match": "password: 'REDACTED'",
  "Secret": "REDACTED",
  "File": "/Users/bardavidi/Desktop/DevSecode/Extension For VSCODE Marketplace/UI/json_output/sast_bandit.json",
  "SymlinkFile": "",
  "Commit": "",
  "Entropy": 4,
  "Author": "",
  "Email": "",
  "Date": "",
  "Message": "",
  "Tags": [],
  "Fingerprint": "/Users/bardavidi/Desktop/DevSecode/Extension For VSCODE Marketplace/UI/json_output/sast_bandit.json:generic-api-key:64846"
 },
 {
  "RuleID": "generic-api-key",
  "Description": "Detected a Generic API Key, potentially exposing access to various services and sensitive operations.",
  "StartLine": 64866,
  "EndLine": 64866,
  "StartColumn": 42,
  "EndColumn": 74,
  "Match": "password: 'REDACTED'",
  "Secret": "REDACTED",
  "File": "/Users/bardavidi/Desktop/DevSecode/Extension For VSCODE Marketplace/UI/json_output/sast_bandit.json",
  "SymlinkFile": "",
  "Commit": "",
  "Entropy": 4.2018414,
  "Author": "",
  "Email": "",
  "Date": "",
  "Message": "",
  "Tags": [],
  "Fingerprint": "/Users/bardavidi/Desktop/DevSecode/Extension For VSCODE Marketplace/UI/json_output/sast_bandit.json:generic-api-key:64866"
 },
 {
  "RuleID": "gitlab-pat",
  "Description": "Identified a GitLab Personal Access Token, risking unauthorized access to GitLab repositories and codebase exposure.",
  "StartLine": 64756,
  "EndLine": 64756,
  "StartColumn": 76,
  "EndColumn": 101,
  "Match": "REDACTED",
  "Secret": "REDACTED",
  "File": "/Users/bardavidi/Desktop/DevSecode/Extension For VSCODE Marketplace/UI/json_output/sast_bandit.json",
  "SymlinkFile": "",
  "Commit": "",
  "Entropy": 4.5465937,
  "Author": "",
  "Email": "",
  "Date": "",
  "Message": "",
  "Tags": [],
  "Fingerprint": "/Users/bardavidi/Desktop/DevSecode/Extension For VSCODE Marketplace/UI/json_output/sast_bandit.json:gitlab-pat:64756"
 },
 {
  "RuleID": "gitlab-pat",
  "Description": "Identified a GitLab Personal Access Token, risking unauthorized access to GitLab repositories and codebase exposure.",
  "StartLine": 64766,
  "EndLine": 64766,
  "StartColumn": 53,
  "EndColumn": 78,
  "Match": "REDACTED",
  "Secret": "REDACTED",
  "File": "/Users/bardavidi/Desktop/DevSecode/Extension For VSCODE Marketplace/UI/json_output/sast_bandit.json",
  "SymlinkFile": "",
  "Commit": "",
  "Entropy": 4.5465937,
  "Author": "",
  "Email": "",
  "Date": "",
  "Message": "",
  "Tags": [],
  "Fingerprint": "/Users/bardavidi/Desktop/DevSecode/Extension For VSCODE Marketplace/UI/json_output/sast_bandit.json:gitlab-pat:64766"
 }
]
